id,smiles
1,C([C@@H]1[C@H]([C@@H]([C@H]([C@H](O1)O)O)O)O)O
2,OC[C@H]1O[C@@H](O)[C@H](O)[C@@H](O)[C@@H]1O
3,C[C@@H](C(=O)O)N
4,C(C[C@@H](C(=O)O)N)CN=C(N)N
5,C([C@@H](C(=O)O)N)C(=O)N
6,C([C@@H](C(=O)O)N)S
7,C(CC(=O)O)[C@@H](C(=O)O)N
8,C(C(=O)O)N
9,C1=C(NC=N1)C[C@@H](C(=O)O)N
10,CC[C@H](C)[C@@H](C(=O)O)N
11,CC(C)C[C@@H](C(=O)O)N
12,CCC(CC1=CC=CC=C1)CNC(=O)C2=CC3=C(C=C2)SC4=CC=CC=C4C(=O)N3
13,CSCC[C@@H](C(=O)O)N
14,C1=CC=C(C=C1)C[C@@H](C(=O)O)N
15,C1C[C@H](NC1)C(=O)O
16,C(C(C(=O)O)N)O
17,C[C@H]([C@@H](C(=O)O)N)O
18,C1=CC=C2C(=C1)C(=CN2)C[C@@H](C(=O)O)N
19,C1=CC(=CC=C1C[C@@H](C(=O)O)N)O
20,CC(C)[C@@H](C(=O)O)N
21,[C@@H]1([C@@H]([C@@H](O[C@H]([C@H]1O)O)C(=O)O)O)O
22,[C@@H]1([C@@H]([C@H](O[C@H]([C@H]1O)O)C(=O)O)O)O
23,C([C@@H]1[C@H]([C@@H]([C@H]([C@@H](O1)O)O)O)O)O
24,CC(COC[C@@H]1[C@H]([C@@H]([C@H]([C@@H](O1)O[C@@H]2[C@H](O[C@H]([C@@H]([C@H]2OCC(C)O)OCC(C)O)OCC(C)O)COCC(C)O)OCC(C)O)OCC(C)O)OCC(C)O)O.COC[C@@H]1[C@H]([C@@H]([C@H]([C@@H](O1)O[C@@H]2[C@H](O[C@H]([C@@H]([C@H]2OC)OC)OC)COC)OC)OC)OC
25,OC[C@H]1OC(O)C@@HC@@H[C@H]1O
26,OC[C@H]1OC(O)C@HC@@H[C@H]1O
27,OC(=O)CC(O)C(=O)O
28,OC(=O)CC(O)(CC(=O)O)C(=O)O
29,OCC1=CC(O)=C2C(=C1)C(=O)C3=C(O)C=CC=C3C2C4OC(CO)C(O)C(O)C4O
30,OCC1=CC(O)=C2C(=O)C3=C(O)C=CC=C3C(=O)C2=C1
31,OC(=O)C1=CC=CC=C1O
32,OC(=O)C=CC1=CC=C(O)C=C1
33,OC(=O)C=CC1=CC=CC=C1
34,CCC@HC@H[C@H]1CC[C@@H]2[C@@]1(CC[C@H]3[C@H]2CC=C4CC@@HO)C
35,CC@H[C@H]1CC[C@@H]2[C@@]1(CC[C@H]3[C@H]2CC=C4CC@@HO)C
36,CC(=C)[C@@H]1CC[C@@]2([C@H]1CC[C@]34[C@H]2CC[C@@H]5[C@@]3(CCC@@HO)C(C)C4)C
37,NC(CC(=O)O)C(=O)O
38,NC(CCC(=O)O)C(=O)O
39,NC(CO)C(=O)O
40,NCC(=O)O
41,NC(C)C(=O)O
42,NC(C(C)C)C(=O)O
43,C([C@@H]1[C@@H]([C@@H]([C@H]([C@H](O1)O)O)O)O)O
44,C([C@@H]1[C@H]([C@@H]([C@@H]([C@@H](O1)O)O)O)O)O
45,OCC(O)CO
46,C(C(=O)O)C(CC(=O)O)(C(=O)O)O
47,CCCCCCCCCCCC(=O)OCCOCC(C1C(C(CO1)OCCO)OCCO)OCCO
48,CCCCCCCC/C=C/CCCCCCCC(=O)OCCOCC(C1C(CC(O1)OCCO)OCCO)OCCO
49,CCCCCCCC/C=C\CCCCCCCC(=O)O
50,OC(CCCCCCC/C=C\C/C=C\CCCCC)=O
51,CC/C=C\C/C=C\C/C=C\CCCCCCCC(O)=O
52,CC(=CCC/C(=C/C=O)/C)C
53,CC(=CCC/C(=C\C=O)/C)C
54,CC(=CCCC(=C)C=C)C
55,CC1=CC[C@H](CC1)C(=C)C
56,C=C1CCC2CC1C2(C)C
57,CC1=CCC(=CC1)C(C)C
58,CC1=CCC2CC1C2(C)C
59,CC(C)C12CCC(=C)C1C2
60,CC1=CC=CC=C1C(C)C
61,CC1=C(C=C(C=C1)C(C)C)O
62,CC1=CCC(=C(C)C)CC1
63,C([C@H]([C@H]([C@@H]([C@H](CO)O)O)O)O)O
64,CCCCCCCCCCCCCCCC(O)=O
65,CCCCCC\C=C/CCCCCCCC(O)=O
66,CCCCCCCCCCCCCCCCCC(O)=O
67,CCCCCCCCCCCCCCCCCCCC(O)=O
68,CCCCCCCC/C=C\CCCCCCCCCC(=O)O
69,CCCCCCCCCCCCCCCCCCCCCC(=O)O
70,[NH4+]
71,[C@@H]1([C@H]([C@H](O[C@@H]([C@@H]1O)O)C(=O)O)O)O
72,CCCCCCCCCCCCCCCCCCCCCCCC(O)=O
73,C=CO
74,CO
75,CC1=CC[C@@H](CC1)C(=C)C
76,CCCCCCCC/C=C\CCCCCCCC(=O)OC[C@H]([C@@H]1[C@@H]([C@H](CO1)O)O)O
77,CCCCCCCCCCCCCCCC(=O)OCCCCCCCCCCCCCCCCCCCCCCCCCCCCCC
78,CCCCCCCCCCCCCCCCCCCCCCCCCC(=O)O
79,CCCCCCCCCCCCCCCCCCCCCCCCCCC
80,CCCCCCCCCCCCCCCCCCCCCCCCCCCCC
81,CCCCCCCCCCCCCCCCCCCCCCCCCCCCCCC
82,CCCCCCCCCCCCCCCCCCCCCCCCC
83,CCCCCCCCCCCCCCCCCCCCCCC
84,CCCCCCCCCCCCCCCCCCCCCCCC(=O)O
85,CCCCCCCCCCCCCCCCCCCCCCCCCCCC(=O)O
86,CCCCCCCCCCCCCCCCCCCCCCCCCCCCCC(=O)O
87,CCCCCCCCCCCCCCCCCCCCCCCCCCCCCCCO
88,CCCCCCCCCCCCCCCC(=O)OCCCCCCCCCCCCCCCCCCCCCCCCCCCC
89,CCCCCCCCCCCCCCCC(=O)OCCCCCCCCCCCCCCCCCCCCCCCCCC
90,CCCCCCCCCCCCCCCC(=O)OCCCCCCCCCCCCCCCCCCCCCCCC
91,CC(O)CCCCCCCCCCCCC(=O)O
92,CCCCCCCCCCCCCCCCCCCCC
93,CCCCCCCCCCCCCCCC(=O)O
94,COC1=C(C=CC(=C1)/C=C/C(=O)CC(=O)/C=C/C2=CC(=C(C=C2)O)OC)O
95,C1[C@H]([C@H](OC2=CC(=CC(=C21)O)O)C3=CC(=C(C(=C3)O)O)O)OC(=O)C4=CC(=C(C(=C4)O)O)O
96,C1=C(C=C(C(=C1O)O)O)C(=O)O
97,C1[C@H]([C@H]([C@@H](C[C@@]1(C(=O)O)O)OC(=O)/C=C/C2=CC(=C(C=C2)O)O)O)O
98,COC1=C(C=CC(=C1)CC=C)O
99,CC(=O)OC1=C(C=CC(=C1)CC=C)OC
100,C[C@]1(CC[C@H]2C(=C)CC[C@@H]1C2)C
101,C([C@@H]([C@@H]1[C@H](C(=O)C(=O)O1)O)O)O
102,OO
103,C([C@@H]1[C@@H]2[C@@H]([C@H]([C@H](O1)O[C@@H]3[C@H](O[C@@H]([C@@H]([C@H]3O)O)O[C@@H]4[C@H](O[C@@H]([C@@H]([C@H]4O)O)O[C@@H]5[C@H](O[C@@H]([C@@H]([C@H]5O)O)O[C@@H]6[C@H](O[C@@H]([C@@H]([C@H]6O)O)O[C@@H]7[C@H](O[C@@H]([C@@H]([C@H]7O)O)O[C@@H]8[C@H](O[C@H](O2)[C@@H]([C@H]8O)O)CO)CO)CO)CO)CO)CO)O)O)O
104,[O-]P(=O)([O-])OP(=O)([O-])OP(=O)([O-])[O-].[Na+].[Na+].[Na+].[Na+].[Na+]
105,CC1(C2CCC(O1)(CC2)C)C
106,CC1(C2CCC1(C(=O)C2)C)C
107,CC1=C[C@H]2C[C@@H](C1)C2(C)C
108,CC1(C2CCC1(C(C2)O)C)C
109,CC1=CC(=O)[C@@H]2C[C@H]1C2(C)C
110,CC1(C2CCC(C2)C1=C)C
111,CC1=CC=C(C=C1)C(C)C
112,CCCCCCCCCCCCCCCCCC(=O)O
113,CCCCC/C=C\C/C=C\CCCCCCCC(=O)OCC(OC(=O)CCCCCCC/C=C\C/C=C\CCCCC)COC(=O)CCCCCCC/C=C\C/C=C\CCCCC
114,CCCCC/C=C\C/C=C\CCCCCCCC(=O)OC[C@H](COP(=O)([O-])OC1C(O)C(O)C(O)C(O)C1O)OC(=O)CCCCCCC/C=C\C/C=C\CCCCC
115,CCCCC/C=C\C/C=C\CCCCCCCC(=O)OC[C@H](COP(=O)([O-])OCC[N+](C)(C)C)OC(=O)CCCCCCC/C=C\C/C=C\CCCCC
116,CCCCC/C=C\C/C=C\CCCCCCCC(=O)OC[C@H](COP(=O)([O-])OCC[NH3+])OC(=O)CCCCCCC/C=C\C/C=C\CCCCC
117,CC1=CCC(CC1)C(=C)C
118,CCC(=O)[O-].CCC(=O)[O-].[Ca+2]
119,O
120,C1=CC(=C(C=C1/C=C/C(=O)O)O)O
121,C1=C(C=C(C(=C1O)O)O)C2=C(C(=O)C3=C(C=C(C=C3O2)O)O)O
122,C1=CC(=C(C=C1C2=C(C(=O)C3=C(C=C(C=C3O2)O)O)O)O)O
123,COC1=CC(=CC(=C1O)OC)C(=O)O
124,C1=CC(=CC=C1/C=C/C(=O)O)O[C@H]2[C@@H]([C@H]([C@@H]([C@H](O2)CO)O)O)O
125,C1[C@@H]([C@H](OC2=CC(=CC(=C21)O)O)C3=CC(=C(C=C3)O)O)O
126,C1=CC(=CC=C1/C=C/C2=CC(=CC(=C2)O)O)O
127,C1=CC(=CC=C1C2=C(C(=O)C3=C(C=C(C=C3O2)O)O)O)O
128,C[C@H]1[C@@H]([C@H]([C@H]([C@@H](O1)OC[C@@H]2[C@H]([C@@H]([C@H]([C@@H](O2)OC3=C(OC4=CC(=CC(=C4C3=O)O)O)C5=CC(=C(C=C5)O)O)O)O)O)O)O)O
129,COC1=C(C=CC(=C1)/C=C/C(=O)O)O
130,C1=CC=C(C(=C1)C(=O)O)O
131,[C@@H]1([C@@H]([C@H](O[C@H]([C@@H]1O)O)C(=O)O)O)O
132,[C-]#N.[C-]#N.[C-]#N.[C-]#N.[C-]#N.N#[O+].[Na+].[Na+].[Fe+2]
133,C[C@H]1CC[C@H]([C@H](C1)O)C(C)C
134,CC1=C(OC2=C1C[C@H](C2)C(C)C)C
135,CC(C)[C@H]1CC[C@H]([C@@H](C1)OC(=O)C)C
136,C[C@@H]1CC[C@@H](C(=O)C1)C(C)C
137,CC12CCC(CC1)C(C)(C)O2
138,CCCCCCCCCCCCCCCCCC(=O)O.CCCCCCCCCCCCCCCC(=O)O.C(C(CO)O)O
139,[O-2].[Zn+2]
140,CCCC/C=C\C=C\C=C/CCCCCCCC(=O)O
141,CC(C)C1=CCC(C)=CC1
142,CCCCCCCCCCCCCCCCCCCCCCCCCCOC(=O)CCCCCCCCCCCCCCCCCCCCCCCCC
143,C1=CC(=CC=C1C=CC(=O)O)O
144,CCCCCCCCCCCCCCCCCCCCCCCCCCO
145,N
146,ClCl
147,C([C@@H]1[C@H]([C@@H]([C@H]([C@@H](O1)O)N)O)O)O
148,C([C@@H]1[C@@H]([C@@H]([C@H]([C@@H](O1)O)O)O)O)O
149,C([C@H]1[C@@H]([C@H]([C@H](O1)O)O)O)O
150,C[C@H]1[C@@H]([C@H]([C@H]([C@H](O1)O)O)O)O
151,CO[C@H]1[C@@H]([C@H]([C@@H](O[C@@H]1C(=O)O)O)O)O
152,C1[C@@H]2[C@@H]([C@H](O1)[C@H]([C@H](O2)O)O)O
153,C([C@@H]1[C@H]([C@H]([C@@H](O1)O)O)O)O
154,C1[C@H]([C@@H]([C@H]([C@@H](O1)O)O)O)O
155,CCCCCCCCCCCCCC(=O)O
156,CC(=O)N[C@@H]1[C@H]([C@@H]([C@H](OC1O)CO)O)O
157,CN(C)c1ccc(cc1)\N=N\c2ccccc2C(O)=O
158,CC1=C(C=C(C(=C1Br)O)C(C)C)C2(C3=CC=CC=C3S(=O)(=O)O2)C4=C(C(=C(C(=C4)C(C)C)O)Br)C
159,C1=C(C=C(C(=C1O)O)O)C(=O)OC2=CC(=CC(=C2O)O)C(=O)OC[C@@H]3[C@H]([C@@H]([C@H]([C@@H](O3)OC(=O)C4=CC(=C(C(=C4)OC(=O)C5=CC(=C(C(=C5)O)O)O)O)O)OC(=O)C6=CC(=C(C(=C6)OC(=O)C7=CC(=C(C(=C7)O)O)O)O)O)OC(=O)C8=CC(=C(C(=C8)OC(=O)C9=CC(=C(C(=C9)O)O)O)O)O)OC(=O)C1=CC(=C(C(=C1)OC(=O)C1=CC(=C(C(=C1)O)O)O)O)O 2
160,CC1(C)C2C=CC(C(C)C)C12
161,CC1(C)C2CCC1(C(=C)C2)
162,CC1=CCC(C(C)C)=CC1
163,CC12CCC(C1)C(C)(C)C2=C
164,CC1=CCC(=C)CC1C(C)C
165,CC1=CCC(CC1)C(C)(C)O
166,CC1=CCC(CC1)(C(C)C)O
167,CC1=CC(=C(C=C1)O)C(C)C
168,CC1=CCCC(C)(C2CC2(C)CCC1=C)C
169,CC(=CCCC(=C)C1CCC(C)=CC1)C
170,C([C@@H]1[C@H]([C@@H]([C@H]([C@H](O1)OC[C@@H]2[C@H]([C@@H]([C@H]([C@H](O2)O[C@H]([C@@H](CO)O)[C@@H]([C@H](C=O)O)O)O)O)O)O)O)O)O
171,C([C@H]([C@H]([C@@H]([C@H](C(=O)[O-])O)O)O)O)O.C([C@H]([C@H]([C@@H]([C@H](C(=O)[O-])O)O)O)O)O.[Ca+2]
172,CC(=O)O
173,[Cl-].[Cl-].[Ca+2]
174,CC(C(=O)O)O
175,C1[C@H]([C@H]([C@@H](C(O1)(CO)O)O)O)O
176,CC(=O)CCC1=CC=CC=C1
177,CC1=CC(=C(C(=C1)C(C)(C)C)O)C(C)(C)C
178,C[C@H]1CC[C@H]2[C@H](C1)CCC(=C)C2(C)C
179,CC1([C@@H]2CCC3(CCC=C[C@]3(C2)O1)C)C
180,CC1([C@@H]2CCC3(CC[C@H](C)[C@]3(C2)O1)C)C
181,CC(=O)CCC1=CC=C(C=C1)OC
182,CC1=CCC[C@]2([C@@]13C[C@H](CC2)C(O3)(C)C)C
183,CC1=C[C@H](C)C[C@]23[C@H]1C(=O)C[C@]2(C)C(O3)(C)C
184,C[C@H]1CC[C@H]2[C@@H](C1)C[C@@]3(C(=C)C)C[C@]2(C)O3
185,[H][C@]1(CC[C@]2(C)CCCC(C)=C2C1)C(C)(C)O
186,C[C@@H]1CCC=C([C@@]12CC[C@H](C2)C(C)(C)O)C
187,C[C@@H]1CC[C@]2(C)C(=C)C[C@@H]1[C@H]2C(C)(C)O
188,C[C@H]1CC=CC2[C@@]1(C[C@@H](CC2)C(C)(C)O)C
189,C[C@@H]1CCC=C2[C@]1(C[C@@H](CC2)C(C)(C)O)C
190,CC1=CCC[C@]2(C)[C@H]1CC[C@@H](C2)C(C)(C)O
191,C[C@H]1CC=C(C)[C@]2(C)[C@H]1CC[C@H](C2)C(C)(C)O
192,C[C@@H]1C=C(CC[C@H]1C(C)C)C2=C(C[C@H](C2)O)C
193,C[C@@H]1CC[C@@H](C2=C(CC[C@H]12)C)C(=O)C=C(C)C
194,C[C@H]1CC[C@H](C(=C)C)C2=C(C[C@@H](C12)C=O)C
195,C[C@@H]1CC[C@@H](CC1=O)C(=C)C
196,C[C@@H]1CC(=O)C=C2[C@]1(C[C@@H](CC2)C(=C)C)C
197,C(CO)C=O
198,CC1=C(C(CC(C1=O)O)(C)C)/C=C/C(=C/C=C/C(=C/C=C/C=C(\C)/C=C/C=C(\C)/C=C/C2=C(C(=O)C(CC2(C)C)O)C)/C)/C
199,[OH-].[Na+]
200,CC1=C(C(=C(C2=C1OC(CC2)(C)CCCC(C)CCCC(C)CCCC(C)C)C)OC(=O)C)C
201,C1[C@@H]([C@H](OC2=C1C(=CC(=C2[C@@H]3[C@H]([C@H](OC4=CC(=CC(=C34)O)O)C5=CC(=C(C=C5)O)O)O)O)O)C6=CC(=C(C=C6)O)O)O
202,C1[C@H]([C@H](OC2=CC(=CC(=C21)O)O)C3=CC(=C(C=C3)O)O)O
203,C1[C@H]([C@H](OC2=C1C(=CC(=C2[C@@H]3[C@H]([C@H](OC4=CC(=CC(=C34)O)O)C5=CC(=C(C=C5)O)O)O)O)O)C6=CC(=C(C=C6)O)O)O
204,C1=CC=C(C=C1)/C=C/C=O
205,CC(=CCCC(C)(C=C)O)C
206,C/C/1=C/CCC(=C)[C@@H]2CC([C@H]2CC1)(C)C
207,C/C/1=C\CC(/C=C/C/C(=C/CC1)/C)(C)C
208,CC1(C2CCC(C1)(O2)C)C
209,CCO
210,C1[C@H]([C@H](OC2=CC(=C(C(=C2)O)O)O)C3=CC(=C(C(=C3C1)O)O)O)OC(=O)C4=CC(=C(C(=C4)O)O)O
211,C1[C@H]([C@H](OC2=C(C1)C=C(C(=C2)O)O)O)C3=CC(=C(C(=C3)O)O)O
212,CN1C=NC2=C1C(=O)N(C(=O)N2C)C
213,Oc1cc(O)c2C[C@@H](OC(=O)c3cc(O)c(O)c(O)c3)[C@H](Oc2c1)c4ccc(O)c(O)c4
214,C1[C@H]([C@@H](OC2=C(C1)C=C(C(=C2)O)O)O)C3=CC(=C(C(=C3)O)O)O
215,C1[C@H]([C@H](OC2=C(C1)C=C(C(=C2)O)O)O)C3=CC(=C(C=C3)O)O
216,C1[C@H]([C@@H](OC2=C(C1)C=C(C(=C2)O)O)O)C3=CC(=C(C=C3)O)O
217,C(CO)O
218,CC(=CCCC(=CCO)C)C
219,CC1(C(CC(O1)(C)C=C)O)C
220,C1CCC(=O)CC1
221,COC(=O)C1=CC=CC=C1O
222,C1=CC=C(C=C1)CCO
223,CC(=CCCC(=CCCC(=CCO)C)C)C
224,CC(=CCCC(=CC=O)C)C
225,C1=CC=C(C=C1)CO
226,CC1(C)CC(C)=CC(=O)C1
227,CC1=CCC2C(C1)C(CC=C2C)C(C)C
228,CCCCCCC=O
229,CC1CCCC1=O
230,C1=CC=C(C=C1)CC=O
231,CC/C=C\CC1=C(C)C(=O)CC1
232,[OH-].[K+]
233,C[C@@H]1C/C=C/C=C/C=C/C=C/[C@@H](C[C@H]2[C@@H]([C@H](C[C@](O2)(C[C@H](C[C@@H]3[C@H](O3)/C=C/C(=O)O1)O)O)O)C(=O)O)O[C@H]4[C@H]([C@H]([C@@H]([C@H](O4)C)O)N)O
234,C[N+](C)(C)CC1CO1.[Cl-]
235,C1=CC(=C(C=C1C=O)O)O
236,C=CCN=C=S
237,CC(C(=O)[O-])O.CC(C(=O)[O-])O.CC(C(=O)[O-])O.CC(C(=O)[O-])O.CC(C(=O)[O-])O.CC(C(=O)[O-])O.C([C@H]([C@H]([C@@H]([C@H](C(=O)[O-])O)O)O)O)O.C([C@H]([C@H]([C@@H]([C@H](C(=O)[O-])O)O)O)O)O.C([C@H]([C@H]([C@@H]([C@H](C(=O)[O-])O)O)O)O)O.C([C@H]([C@H]([C@@H]([C@H](C(=O)[O-])O)O)O)O)O.O.O.[Ca+2].[Ca+2].[Ca+2].[Ca+2].[Ca+2]
238,CC1=C(C2=C(CC[C@@](O2)(C)CCC[C@H](C)CCC[C@H](C)CCCC(C)C)C(=C1O)C)C
239,CCCCCCCCCCCCCCCCCCOCC(CO)OC(=O)C
240,C[C@H]1[C@@H]([C@H]([C@H]([C@@H](O1)O[C@@H]2[C@H]([C@@H](O[C@@H]([C@H]2OC(=O)/C=C/C3=CC(=C(C=C3)O)O)CO)OCCC4=CC(=C(C=C4)O)O)O)O)O)O
241,C1=CC(=C(C=C1CCO)O)O
242,C1=CC(=C(C=C1C2=CC(=O)C3=C(C=C(C=C3O2)O[C@H]4[C@@H]([C@H]([C@@H]([C@H](O4)CO)O)O)O)O)O)O
243,C[C@H]1[C@@H]([C@H]([C@H]([C@@H](O1)O[C@@H]2[C@H](OC3=C(C=C(C=C3O)O)C(=O)C=C(O2)C4=CC(=C(C=C4)O)O)CO)O)O)O
244,C1=CC(=CC=C1C2=CC(=O)C3=C(C=C(C=C3O2)OC4[C@@H]([C@H]([C@@H]([C@H](O4)CO)O)O)O)O)O
245,C1=CC(=CC=C1CCO)O
246,C=CC1=CC=CC=C1
247,C([C@@H]1[C@H]([C@@H]([C@H](C(O1)O)N)O)O)O
248,C([C@@H]1[C@H]([C@@H]([C@](O1)(CO)O)O)O)O
249,C1C(C(OC(=O)C2=CC(=C(C(=C2C3=C(C(=C4C5=C3C(=O)OC6=C(C(=C(C7=C(C(=C(C=C7C(=O)O1)O)O)O)C(=C56)C(=O)O4)O)O)O)O)O)O)O)C8C(OC(=O)C9=CC(=C(C(=C9C1=C(C(=C(C=C1C(=O)O8)O)O)O)O)O)O)C=O)O
250,C1=C2C3=C(C(=C1O)O)OC(=O)C4=CC(=C(C(=C43)OC2=O)O)O
251,COC1=C(C=CC(=C1)C(=O)O)O
252,C1=CC(=C(C=C1C2=CC(=O)C3=C(C=C(C=C3O2)O)O)O)O
253,CC(=O)OCC1C(C(C(C(O1)OC2=CC3=C(C=C(C=C3[O+]=C2C4=CC(=C(C(=C4)OC)O)OC)O)O)O)O)O
254,C1[C@H]([C@H](OC2=CC(=CC(=C21)O)O)C3=CC(=C(C=C3)O)O)OC(=O)C4=CC(=C(C(=C4)O)O)O
255,CCCCCCCCCCCCCCCCCC(=O)OCC(CO)O
256,C[N+](C)(C)CCO.[Cl-]
257,CC1=C(C(C[C@@H](C1=O)O)(C)C)/C=C/C(=C/C=C/C(=C/C=C/C=C(/C=C/C=C(/C=C/C2=C(C(=O)[C@H](CC2(C)C)O)C)\C)\C)/C)/C
258,C[C@H]1[C@@H]([C@H]([C@H]([C@@H](O1)OC[C@@H]2[C@H]([C@@H]([C@H]([C@@H](O2)OC3=CC(=C4C(=O)C[C@H](OC4=C3)C5=CC(=C(C=C5)OC)O)O)O)O)O)O)O)O
259,COC1=C(C=C(C=C1)C2=CC(=O)C3=C(O2)C(=C(C(=C3OC)OC)OC)OC)OC
260,COC1=CC=C(C=C1)C2=CC(=O)C3=C(O2)C(=C(C(=C3OC)OC)OC)OC
261,C1=CC=C(C=C1)C(=O)[O-].[Na+]
262,CCCCCCCCCCCCCCCCCC(=O)OCCOCC(C1C(C(CO1)OCCOC)OCCOC)OCCOC
263,OC(=O)C1OC(=O)C@H[C@H]1C(O)C(=O)O
264,OC(=O)C(O)C(O)C(=O)O
265,C1=C(C=C(C(=C1O)O)O)C2=[O+]C3=CC(=CC(=C3C=C2OC4C(C(C(C(O4)CO)O)OC5C(C(C(O5)O)O)O)O)O)O
266,C1=CC(=C(C=C1C2=[O+]C3=CC(=CC(=C3C=C2OC4C(C(C(C(O4)CO)O)OC5C(C(C(O5)O)O)O)O)O)O)O)O
267,OC1=CC2=C(C(O)=C1)C(=O)C(OC3=CC(O)C(O)C(O)O3)=C(C2=O)C4=CC=C(O)C=C4
268,OC1=CC=C(C=C1)C2=C(O)C(=O)C3=C(O2)C=C(O)C=C3O
269,OC1=CC(O)=C2C(=O)C(OC3OC(CO)C(O)C(O)C3O)=C(OC2=C1)C4=CC(O)=C(O)C(O)=C4
270,OC(=O)CCC1=CC(O)=C(O)C=C1
271,OC(=O)C1=CC(O)=C(O)C=C1
272,OCC@H[C@@H]1OC(=O)C(O)=C1O
273,OC[C@H]1OC(O)C@@HC@H[C@@H]1O
274,OCC1OC(O)C(O)C(O)C1O
275,OC1=CC(O)=C2C(=O)C(O)=C(OC2=C1O)C3=CC(O)=C(O)C=C3
276,OC1=CC(O)=C2C(=O)C(O)=C(OC2=C1O)C3=CC(O)=C(O)C(O)=C3
277,OC1=CC=C(C=C1)C=CC(=O)OC2C@HC(O)C@@HC@H[C@H]2C(=O)O
278,CC(=O)CCC(=O)O
279,CCCCCCCCCCCCCCCCCCCCCCCCCCCCCCOC(=O)CCCCCCCCCCCCCCC
280,CC[C@H](CC[C@@H](C)[C@H]1CC[C@@H]2[C@@]1(CC[C@H]3[C@H]2CC=C4[C@@]3(CC[C@@H](C4)O)C)C)C(C)C
281,CCCCCCCC(=O)OCC(COC(=O)CCCCCCC)OC(=O)CCCCCCC
282,COc1cc(cc(O)c1O)C2=[O+]C3=CC(=CC(=C3C=C2OC4C(C(C(C(O4)CO)O)OC5C(C(C(C(O5)COC(=O)C=Cc6cc(OC)c(O)cc6)O)O)OC(=O)C=Cc7cc(O)c(O)cc7)O)OC8C(C(C(C(O8)CO)O)O)O)O
283,COc1cc(cc(O)c1O)C2=[O+]C3=CC(=CC(=C3C=C2OC4C(C(C(C(O4)CO)O)OC5C(C(C(C(O5)COC(=O)C=Cc6cc(O)c(O)cc6)O)O)O)O)OC7C(C(C(C(O7)CO)O)O)O)O
284,COc1cc(cc(O)c1O)C2=[O+]C3=CC(=CC(=C3C=C2OC4C(C(C(C(O4)CO)O)OC5C(C(C(C(O5)COC(=O)C=Cc6cc(O)c(O)cc6)O)O)OC(=O)C=Cc7cc(O)cc(O)c7)O)OC8C(C(C(C(O8)CO)O)O)O)O
285,Oc1cc(cc(O)c1O)C2=[O+]C3=CC(=CC(=C3C=C2OC4C(C(C(C(O4)CO)O)OC5C(C(C(C(O5)COC(=O)C=Cc6cc(O)c(O)cc6)O)O)OC(=O)C=Cc7cc(O)cc(O)c7)O)OC8C(C(C(C(O8)CO)O)O)O)O
286,COc1cc(cc(O)c1O)C2=[O+]C3=CC(=CC(=C3C=C2OC4C(C(C(C(O4)CO)O)OC5C(C(C(C(O5)COC(=O)Cc6ccc(O)cc6)O)O)O)O)OC7C(C(C(C(O7)CO)O)O)O)O
287,Oc1cc(cc(O)c1O)C2=[O+]C3=CC(=CC(=C3C=C2OC4C(C(C(C(O4)CO)O)OC5C(C(C(C(O5)COC(=O)C=Cc6cc(OC)c(O)cc6)O)O)OC(=O)C=Cc7cc(O)c(O)cc7)O)OC8C(C(C(C(O8)CO)O)O)O)O
288,Oc1cc(cc(O)c1O)C2=[O+]C3=CC(=CC(=C3C=C2OC4C(C(C(C(O4)CO)O)OC5C(C(C(C(O5)COC(=O)C=Cc6cc(O)c(O)cc6)O)O)O)O)OC7C(C(C(C(O7)CO)O)O)O)O
289,COc1cc(cc(O)c1O)C2=[O+]C3=CC(=CC(=C3C=C2OC4C(C(C(C(O4)CO)O)OC5C(C(C(C(O5)CO)O)O)O)O)OC6C(C(C(C(O6)CO)O)O)O)O
290,Oc1cc(cc(O)c1O)C2=[O+]C3=CC(=CC(=C3C=C2OC4C(C(C(C(O4)CO)O)OC5C(C(C(C(O5)CO)O)O)O)O)OC6C(C(C(C(O6)CO)O)O)O)O
291,OC(=O)C1C(O)C(O)C(OC(=O)C=Cc2cc(O)c(O)cc2)C(OC(=O)C=Cc3cc(O)c(O)cc3)C1
292,OC(=O)C1C(O)C(O)C(OC(=O)C=Cc2cc(O)c(O)cc2)C(O)C1OC(=O)C=Cc3cc(O)c(O)cc3
293,OC(=O)C1C(O)C(OC(=O)C=Cc2cc(O)c(O)cc2)C(O)C(O)C1
294,OC(=O)C=Cc1cc(O)c(O)cc1
295,COc1cc(C=CC(=O)O)ccc1O
296,OC(=O)c1ccc(O)cc1
297,OC1(CC(O)C(O)C(O)C1)C(=O)O
298,[Ag]
299,OC(=O)C[C@H](N)C(=O)O
300,OC[C@H](N)C(=O)O
301,N=C(N)NCCC[C@H](N)C(=O)O
302,Oc1ccc(cc1)C[C@H](N)C(=O)O
303,NCCCC[C@H](N)C(=O)O
304,OC(=O)CC[C@H](N)C(=O)O
305,OC(=O)[C@@H]1CCCN1
306,NC(=O)C[C@H](N)C(=O)O
307,C[C@H](O)[C@@H](C(=O)O)N
308,c1ccc(cc1)C[C@H](N)C(=O)O
309,c1c([nH]cn1)C[C@H](N)C(=O)O
310,CSCC[C@H](N)C(=O)O
311,NC(=O)CC[C@H](N)C(=O)O
312,C=CCSSCC=C
313,C=CCSSSCC=C
314,C=CCSSSC
315,C=CCSCC=C
316,C=CCSSSSCC=C
317,C=CCSSC
318,C[C@H]1[C@H]([C@H]([C@@H]([C@@H](O1)O)O)O)O
319,C1=CC(=C(C=C1C(=O)O)O)O
320,C1[C@H]([C@H]([C@@H](C[C@@]1(C(=O)O)O)OC(=O)/C=C\C2=CC(=C(C=C2)O)O)O)O
321,CC(C)CC(N)C(=O)O
322,NC(CCCN=C(N)N)C(=O)O
323,NCCCCC(N)C(=O)O
324,NC(CC1=CC=CC=C1)C(=O)O
325,C1CC(NC1)C(=O)O
326,CC(C)C(N)C(=O)O
327,CCC(C)C(N)C(=O)O
328,CC(N)C(=O)O
329,NC(CC1=CC=C(O)C=C1)C(=O)O
330,CC(O)C(N)C(=O)O
331,NC(CC1=CN=CN1)C(=O)O
332,CSCCC(N)C(=O)O
333,NC(CC1=CNC2=C1C=CC=C2)C(=O)O
334,NC(CS)C(=O)O
335,C1=C(C2=C(C(=C1O)O)C(=O)OC3C(C(OC(=O)C4=CC(=C(C(=C4C5=C(C(=O)OC3O2)C(=C(C=C5)O)O)O)O)O)OC(=O)C6=CC(=C(C7=C6C8=C(C(=O)OC9C(C(OC7=O)C(=O)O9)O)C(=C(C=C8)O)O)O)O)O)O
336,NC(CCCNC(N)=N)C(=O)O
337,NC(Cc1ccccc1)C(=O)O
338,NC(Cc1ccc(O)cc1)C(=O)O
339,NC(Cc1c[nH]cn1)C(=O)O
340,NC(Cc1c[nH]c2ccccc12)C(=O)O
341,C([C@@H]1[C@H]([C@@H]([C@@H](C(O1)O)O)O)O)O
342,C1[C@H]([C@@H]([C@@H](C(O1)O)O)O)O
343,O=C(O)[C@@H]1O[C@H](O)[C@H](O)[C@@H](O)[C@@H]1O
344,C([C@@H]1[C@H]([C@@H](C(O1)(CO)O)O)O)O
345,O=C(O)[C@H]1O[C@@H](O)[C@H](O)[C@@H](O)[C@@H]1O
346,C([C@@H]1[C@@H]([C@@H]([C@H](C(O1)O)O)O)O)O
347,C[C@H]1[C@@H]([C@H]([C@H](C(O1)O)O)O)O
348,C([C@@H]1[C@H]([C@@H]([C@H](C(O1)O)O)O)O)O
349,CC(=O)OCC(CO)O
350,CC(C)CCC[C@@H](C)CCC[C@@H](C)CCC[C@]1(C)CCc2c(C)c(OC(C)=O)c(C)c(C)c2O1
351,O=[Se](O)O
352,[O-]P1(=O)OP(=O)(OP(=O)(O1)[O-])[O-].[Na+].[Na+].[Na+]
353,CCCCC/C=C\C/C=C\CCCCCCCC(=O)O
354,CC/C=C\C/C=C\C/C=C\CCCCCCCC(=O)O
355,CCCCCCC/C=C\CCCCCCCC(=O)O
356,CCCCCCCCCCCCCCCCCCCC(=O)O
357,CCCCCCCCCC/C=C\CCCCCCCC(=O)O
358,CC1(C)CCCC2(C)C1CCC3(C)C2CCC45C3CC=C(C4)C(C)C5(C)C(C)CCCC(C)C
359,CCC@HC(C)C
360,CC@HC(C)C
361,CC1=C(C)C2=C(CCC(C)(CCCC(C)CCCC(C)CCCC(C)C)O2)C=C1O
362,CC(C)=CCCC(C)=CCCC(C)=CCCC=C(C)CCC=C(C)CCC=C(C)C
363,C1=CC(=C(C=C1C=CC(=O)OC2CC(CC(C2O)O)(C(=O)O)O)O)O
364,CC1OC(OC[C@H]2OC(OC3=C(OC4=CC(O)=CC(O)=C4C3=O)C5=CC=C(O)C(O)=C5)C(O)C(O)C2O)C(O)C(O)C1O
365,C1=CC(=C(C=C1C2=C(C(=O)C3=C(C=C(C=C3O2)O)O)OC4C(C(C(C(O4)CO)O)O)O)O)O
366,C1=CC(=CC=C1C2=C(C(=O)C3=C(C=C(C=C3O2)O)O)OC4C(C(C(C(O4)CO)O)O)O)O
367,C1=CC(=C(C=C1C=CC(=O)O)O)O
368,COC1=C(C=C(C=C1)C=CC(=O)O)O
369,C1=CC(=C(C(=C1)O)O)C(=O)O
370,C1C(C(OC2=CC(=CC(=C21)O)O)C3=CC(=C(C=C3)O)O)O
371,COC1=CC(=CC=C1O)C(=O)O
372,O[C@@H]1C@@HOC(O[C@H]1O)c2c(oc3cc(O)cc(O)c3c2=O)-c4ccc(O)c(O)c4
373,OCC1OC@@HC@@H[C@@H]1O
374,C[C@H]1OC@@HC@HC@@H[C@H]1O
375,OCC1OC@@HC@HC@@H[C@H]1O
376,OCC1OC@@HC@HC@@H[C@@H]1O
377,Oc1cc(O)c2c(c1)oc(c(O)c2=O)-c3ccc(O)c(O)c3
378,Oc1cc(O)c2c(c1)OC(c3ccc(O)c(O)c3)C(O)C2
379,Oc1cc(O)c2c(c1)OC(c3ccc(O)c(O)c3)C@@HC2
380,OC(=O)c1cc(O)c(O)c(O)c1
381,O=C1Oc2c(O)c(O)cc3c2-c4c1cc(O)c(O)c4C(=O)O3
382,OC(=O)CC(O)C1=CC(O)=C(O)C=C1
383,OC(=O)/C=C/c1ccc(O)c(O)c1
384,OC(=O)/C=C/c1cc(O)c(OC)cc1
385,Oc1cc(O)c2c(c1)oc(c(O)c2=O)-c3cc(O)c(O)c(O)c3
386,Oc1cc(O)c2c(c1)oc(c(O)c2=O)-c3ccc(O)cc3
387,OC(=O)c1cc(O)c(O)cc1
388,CC1OC(OCC2OC(Oc3c(oc4cc(O)cc(O)c4c3=O)-c5ccc(O)c(O)c5)C(O)C(O)C2O)C(O)C(O)C1O
389,Oc1cc(O)c2c(c1)oc(cc2=O)-c3ccc(O)cc3
390,CC1OC(OCC2OC(Oc3c(oc4cc(O)cc(O)c4c3=O)-c5ccc(O)c(O)5)C(O)C(O)C2O)C(O)C(O)C1O
391,C1=CC(=C(C=C1C2=[O+]C3=CC(=CC(=C3C=C2OC4C(C(C(C(O4)CO)O)O)O)O)O)O)O
392,C1=C(C=C(C(=C1O)O)O)C2=[O+]C3=CC(=CC(=C3C=C2OC4C(C(C(C(O4)CO)O)O)O)O)O
393,COC1=C(C=C(C=C1O)C2=[O+]C3=CC(=CC(=C3C=C2OC4C(C(C(C(O4)CO)O)O)O)O)O)O
394,CC1(C)OC2CC3(C)C(CC(O)C4C5(C)CCC(OC6OC(CO)C(O)C(O)C6O)C(C)(C)C5CCC34C)C2(C)O1
395,C1=CC(=CC=C1C2C(C(=O)C3=C(O2)C=C(O)C=C3O)O)O
396,CC1OC(OC[C@H]2OC(OC3=CC(=CC4=C3OC(CC4=O)C5=CC=C(O)C=C5)O)C(O)C(O)C2O)C(O)C(O)C1O
397,C1=CC(=CC=C1C2=C(C(=O)C3=C(O2)C=C(O)C=C3O)O)OC4C(C(C(C(O4)CO)O)O)O
398,OC(=O)C1=CC(O)=C(O)C(O)=C1
399,OC(=O)C1=CC=C(O)C=C1
400,OC(=O)C=CC1=CC(O)=C(O)C=C1
401,OC(=O)C=CC1=CC(OC)=C(O)C=C1
402,OC1=CC(O)=C2C(=O)C=C(OC2=C1)C3=CC=C(O)C=C3
403,O=C1OC2C(OC(=O)c3cc(O)c(O)c(O)c3-c4c(O)c(O)cc5c4C(=O)OC6C(OC(=O)c7cc(O)c(O)c(O)c7-c8c(O)c(O)cc1c8)OC(O)C(O)C6O2)
404,Oc1cc2c(cc1O)OC(c3ccc(O)c(O)c3)C(O)C2
405,C1=CC(=C(C=C1C2=[O+]C3=CC(=CC(=C3C=C2OC4C(C(C(C(O4)CO)O)O)OC5C(C(C(C(O5)CO)O)O)O)O)O)O)O
406,C1=CC=C(C=C1C2=[O+]C3=CC(=CC(=C3C=C2OC4C(C(C(C(O4)CO)O)O)O)O)O)O
407,C1=CC=C(C=C1C2=[O+]C3=CC(=CC(=C3C=C2OC4C(C(C(C(O4)CO)O)O)OC5C(C(C(C(O5)CO)O)O)O)O)O)O
408,CC1OC(OC[C@H]2OC(OC3=C(OC4=CC(O)=CC(O)=C4C3=O)C5=CC=C(O)C(O)C5)C(O)C(O)C2O)C(O)C(O)C1O
409,OCC@@HC@@HC@HC@HCO
410,OCC@HC@HC@@HC@@HCO
411,OC[C@H]1OC@@HC(O)C(O)C(O)CO
412,CS(=O)CC(N)C(=O)O
413,C=CCS(=O)CC(N)C(=O)O
414,CCCS(=O)CC(N)C(=O)O
415,NC(CC(N)=O)C(=O)O
416,C1=CC(=CC=C1C2=C(C(=O)C3=C(O2)C=C(O)C=C3O)O)O
417,C1=CC(=C(C=C1C2=C(C(=O)C3=C(O2)C=C(O)C=C3O)O)O)O
418,[K+]
419,[Ca+2]
420,[Mg+2]
421,CC1CCC2(C(C1)C3C(C2)CC4C3(CCC5C4CC(C(C5)C)OC6C(C(C(C(O6)CO)O)O)O)C)O
422,OC(=O)/C=C/c1ccc(O)cc1
423,COC1=C(O)C=CC(=C1)/C=C/C(=O)O
424,NCCc1ccc(O)c(O)c1
425,Oc1cc(O)c2c(c1)OC(c3cc(O)c(O)c(O)c3)C(O)C2
426,O=C(O)c1cc(O)c(O)cc1
427,NC@@HC(=O)O
428,OC1=CC=C(C=C1)C=CC(=O)OC2C(O)C(O)C(O)C(O)C2O
429,OC1=CC(O)=C2C(=C1)OC(C@@HC2=O)C3=CC(O)=C(O)C(O)=C3
430,OC1=CC(O)=C2C(=O)C(O)=C(OC2=C1)C3=CC(O)=C(O)C(O)=C3
431,CC1OC(OC2C(O)C(O)C(OC3=CC(O)=CC(=C23)O)C4=CC(O)=C(O)C(O)=C4)C(O)C(O)C1O
432,OC1=CC(O)=C2C(=C1)OC(C@@HC2=O)C3=CC(O)=C(O)C=C3
433,OC1=CC(O)=C2C(=C1)OC(C@@HC2=O)C3=CC=C(O)C=C3
434,OC1=CC(O)=C2C(=O)C(O)=C(OC2=C1)C3=CC(O)=C(O)C=C3
435,OC1=CC(O)=C2C(=O)C(O)=C(OC2=C1)C3=CC=C(O)C=C3
436,COC(=O)C1=CC(O)=C(O)C(O)=C1
437,CCOC(=O)C1=CC(O)=C(O)C(O)=C1
438,Oc1cc(O)c2c(c1)OC(c3cc(O)c(O)c(O)c3)C@@HC2
439,Oc1cc(O)c2c(c1)OC(c3cc(O)c(O)c3)C(O)C2
440,OC1=C2C(=CC(O)=C1)OC(C(O)C2=O)C3=CC(O)=C(O)C(O)=C3
441,CC1OC(OC2=CC(=CC3=C2OC(C(O)C3=O)C4=CC(O)=C(O)C=C4)O)C(O)C(O)C1O
442,CC1OC(OC[C@H]2OC(OC3=C(OC4=CC(O)=CC(O)=C4C3=O)C5=CC=C(O)C=C5)C(O)C(O)C2O)C(O)C(O)C1O
443,CC1C(C(C(C(O1)OCC2C(C(C(C(O2)OC3=CC4=C(C=C(C=C4[O+]=C3C5=CC(=C(C=C5)O)O)O)O)O)O)O)O)O)O.[Cl-]
444,C1[C@H](OC2=CC(=CC(=C2C1=O)O)O)C3=CC=CC=C3
445,C1=CC=C(C=C1)C2=CC(=O)C3=C(C=C(C=C3O2)O)O
446,CC1=CC(=C(C=C1)C(C)C)O
447,C/C/1=C\CCC(=C)[C@H]2CC([C@@H]2CC1)(C)C
448,C[C@@]12CC[C@@H]3[C@H](CC3(C)C)C(=C)CC[C@H]1O2
449,CC1=CC(=C(C=C1)C(C)C)OC
450,CC1=CC=C(CC1)C(C)C
451,CCCCCC(=O)CC
452,C[C@@H]1CCC(=C(C)C)C(=O)C1
453,C[C@@H]1CC[C@H](C(=O)C1)C(C)C
454,CC1=CC(=O)C(CC1)C(C)C
455,CC[C@@H](CC[C@@H](C)[C@H]1CC[C@@H]2[C@@]1(CC[C@H]3[C@H]2CC=C4[C@@]3(CC[C@@H](C4)O)C)C)C(C)C
456,COC1=CC=C(C=C1)CC=C
457,C[C@@H]1CC[C@@]2(CC[C@@]3(C(=CC[C@H]4[C@]3(CC[C@@H]5[C@@]4(CC[C@@H](C5(C)C)O)C)C)[C@@H]2[C@H]1C)C)C
458,CC1(C2CCC(=C)C1C2)C
459,C(=O)([O-])[O-].[Ca+2]
460,C([C@@H]1[C@H]([C@@H]([C@H](C(=O)O1)O)O)O)O
461,CC(=CCCC(C)(C=C)OC(=O)C)C
462,CC1=CC[C@H](CC1)C(C)(C)O
463,CC(=CCC/C(=C/COC(=O)C)/C)C
464,CC(=CCC/C(=C\COC(=O)C)/C)C
465,CC(=CCC/C(=C/CO)/C)C
466,CC(=CC/C=C(/C)\C=C)C
467,[C@@H]1([C@H]([C@H](OC([C@@H]1O)O)C(=O)O)O)O
468,S(=O)(=O)(O)O[C@@H](C=O)[C@@H]1[C@@H](O)[C@H](O)CO1
469,C1[C@H]([C@@H]([C@H](O1)[C@H](C=O)O)O)O
470,C([C@@H]1C([C@@H]([C@H]([C@@H](O1)O)N)O)O[C@H]2[C@@H]([C@H](C([C@H](O2)CO)O[C@@H]3[C@@H]([C@H]([C@@H]([C@](O3)(CO)C(=O)C(CO)O)O)O)N)O)N)O
471,CC1=CC[C@H](C=C1)[C@H](C)CCC=C(C)C
472,CC(=CCC/C(=C/C/C=C(\C)/C=C)/C)C
473,CC(=CCC/C(=C\\C=O)/C)C
474,CC1=CC=C(C=C1)C(C)CCC=C(C)C
475,C[C@@H](CCC=C(C)C)[C@H]1CCC(=C)C=C1
476,COC1=C(C=CC(=C1)C=O)O
477,C1[C@@H]([C@@H]([C@H](C(O1)O)O)O)O
478,[C@@H]1([C@@H]([C@H](OC([C@@H]1O)O)C(=O)O)O)O
479,C([C@H]([C@H]([C@@H](C(=O)CO)O)O)O)O
480,CCCCCCCC/C=C\\CCCCCCCC(=O)O
481,CC/C=C\\C/C=C\\C/C=C\\CCCCCCCC(=O)O
482,C([C@@H]1[C@H]([C@@H]([C@](O1)(CCl)O[C@@H]2[C@@H]([C@H]([C@H]([C@H](O2)C(=O)O)Cl)O)O)O)O)Cl
483,C1=CC(=C(C=C1C2=C(C(=O)C3=C(C=C(C=C3O2)O)O)O[C@H]4[C@@H]([C@H]([C@@H]([C@H](O4)CO)O)O)O)O)O
484,C1=CC(=CC=C1C2=C(C(=O)C3=C(C=C(C=C3O2)O)O)O[C@H]4[C@@H]([C@H]([C@@H]([C@H](O4)CO)O)O)O)O
485,C1=CC=C(C=C1)C2=[O+]C3=CC=CC=C3C=C2
486,C1[C@H]([C@@H]([C@H](C(O1)O)O)O)O
487,COC1=C(C=C(C=C1)C2=CC(=O)C3=C(C(=C(C=C3O2)OC)OC)OC)OC
488,C[C@H]1[C@@H]([C@H]([C@H]([C@@H](O1)OC[C@@H]2[C@H]([C@@H]([C@H]([C@@H](O2)OC3=CC(=C4C(=O)C[C@H](OC4=C3)C5=CC=C(C=C5)OC)O)O)O)O)O)O)O
489,C[C@H]1[C@@H]([C@H]([C@H]([C@@H](O1)OC[C@@H]2[C@H]([C@@H]([C@H]([C@@H](O2)OC3=CC(=C4C(=O)C[C@H](OC4=C3)C5=CC=C(C=C5)O)O)O)O)O)O)O)O
490,CC(=CCC1=C2C(=C(C=C1O)O)C(=O)C[C@H](O2)C3=CC=C(C=C3)O)C
491,CC(=CCC/C(=C/C(=O)OC)/C)C
492,CC1=CC[C@@H](C1(C)C)CC=O
493,CC(C)C1CCC(=C)C=C1
494,[2H]OC[C@H]([C@H]([C@H]1[C@@H]([C@H](C[C@@](O1)(C(=O)O)OC)O[2H])NC(=O)C)O[2H])O[2H]
495,C1=CC(=CN=C1)C(=O)OC2=C(C(=C(C3=C2OC(C(C3=O)OOC(=O)C4=CN=CC=C4)C5=CC(=C(C=C5)O)O)OOC(=O)C6=CN=CC=C6)OC(=O)C7=CN=CC=C7)OOC(=O)C8=CN=CC=C8
496,C1[C@H]([C@@H]([C@@H](C[C@]1(C(=O)O)O)OC(=O)/C=C/C2=CC=C(C=C2)O)O)O
497,C
498,CC(CCC=C(C)C)CC=O
499,C1=CC(=CC(=C1)O)C(=O)O
500,CC1CCC2C13CC(C2(C)C)C4(C(C3)O4)C
501,CC(=CCC/C(=C\CO)/C)C
502,COC1=CC=CC=C1
503,CC1=CCC[C@]2([C@H]1C[C@@H](CC2)C(C)(C)O)C
504,CC1=CC(=C(C(=C1)CO)O)CO
505,C[C@H]1CC[C@H](CC2=C1CC[C@@H]2C)C(C)(C)O
506,CC1=C(C(=C(C2=C1O[C@](CC2)(C)CCC[C@H](C)CCC[C@H](C)CCCC(C)C)C)OC(=O)C)C
507,CCCCCCCCCCCCCCCC(=O)OC[C@H](COP(=O)([O-])OCC[N+](C)(C)C)OC(=O)CCCCCCCCCCCCCCC
508,CCCCCCCCCCCCCCCC(=O)OC[C@H](COP(=O)([O-])OCC[N+](C)(C)C)OC(=O)CCCCCCC/C=C\CCCCCCCC
509,C[C@H](CCCC(C)C)[C@H]1CC[C@@H]2[C@@]1(CC[C@H]3[C@H]2CC=C4[C@@]3(CC[C@@H](C4)O)C)C
510,[O-][Si](=O)[O-].[Na+].[Na+]
511,C(CN(CC(=O)[O-])CC(=O)[O-])N(CC(=O)O)CC(=O)O.[Na+].[Na+]
512,CC(CO)O
